Symptoms,Disease
joint pain,arthritis
joint pain,arthritis
sore throat,cold
sore throat,flu
skin rash,fungal infection
coughing up blood,lung cancer
fatigue,chronic fatigue syndrome
shortness of breath,anxiety
sore throat,laryngitis
dizziness,dehydration
back pain,arthritis
nausea,pregnancy
fever,dengue
back pain,sciatica
dizziness,anemia
joint pain,rheumatoid arthritis
fatigue,flu
fever,dengue
back pain,sciatica
fatigue,depression
skin rash,allergy
dizziness,anemia
back pain,sciatica
back pain,muscle strain
nausea,migraine
abdominal pain,gastritis
shortness of breath,pneumonia
chest pain,gastritis
fever,dengue
cough,asthma
cough,flu
skin rash,fungal infection
abdominal pain,gallstones
coughing up blood,pneumonia
abdominal pain,irritable bowel syndrome
chest pain,anxiety
fatigue,heart disease
abdominal pain,gallstones
shortness of breath,pneumonia
dizziness,anemia
back pain,kidney stones
sore throat,tonsillitis
joint pain,osteoporosis
cough,tuberculosis
dizziness,anemia
chest pain,heart disease
chest pain,pneumonia
fever,malaria
skin rash,shingles
joint pain,rheumatoid arthritis
shortness of breath,pneumonia
shortness of breath,pneumonia
coughing up blood,lung cancer
coughing up blood,pneumonia
sore throat,strep throat
shortness of breath,asthma
nausea,pregnancy
abdominal pain,peptic ulcer
headache,cluster headache
dizziness,vertigo
fatigue,anemia
cough,bronchitis
chest pain,heart disease
abdominal pain,gastritis
fever,dengue
coughing up blood,bronchitis
back pain,sciatica
cough,cold
coughing up blood,pulmonary embolism
fever,malaria
shortness of breath,heart failure
fever,cold
joint pain,arthritis
nausea,food poisoning
coughing up blood,pulmonary embolism
dizziness,vertigo
nausea,food poisoning
skin rash,shingles
sore throat,laryngitis
shortness of breath,heart failure
nausea,liver disease
fever,cold
coughing up blood,bronchitis
joint pain,gout
fever,flu
abdominal pain,irritable bowel syndrome
headache,stress
cough,tuberculosis
fever,typhoid
fatigue,flu
chest pain,anxiety
cough,asthma
abdominal pain,irritable bowel syndrome
cough,asthma
sore throat,cold
dizziness,migraine
abdominal pain,peptic ulcer
skin rash,fungal infection
fever,malaria
back pain,kidney stones
fever,typhoid
dizziness,migraine
headache,tension
chest pain,heart attack
shortness of breath,asthma
back pain,sciatica
sore throat,laryngitis
sore throat,tonsillitis
dizziness,dehydration
chest pain,anxiety
fatigue,flu
fever,flu
fatigue,chronic fatigue syndrome
abdominal pain,gallstones
joint pain,osteoporosis
sore throat,strep throat
cough,asthma
nausea,gastroenteritis
cough,bronchitis
fever,typhoid
back pain,sciatica
abdominal pain,peptic ulcer
joint pain,osteoporosis
cough,flu
joint pain,arthritis
abdominal pain,appendicitis
dizziness,dehydration
coughing up blood,pulmonary embolism
coughing up blood,bronchitis
skin rash,psoriasis
dizziness,migraine
joint pain,rheumatoid arthritis
shortness of breath,asthma
headache,sinusitis
dizziness,low blood pressure
shortness of breath,pneumonia
dizziness,migraine
shortness of breath,asthma
sore throat,strep throat
nausea,pregnancy
skin rash,fungal infection
fever,cold
fever,typhoid
sore throat,flu
skin rash,fungal infection
skin rash,fungal infection
sore throat,flu
fatigue,heart disease
sore throat,flu
shortness of breath,pneumonia
joint pain,osteoporosis
sore throat,flu
fatigue,flu
headache,cluster headache
back pain,herniated disc
joint pain,lupus
fatigue,depression
sore throat,strep throat
back pain,sciatica
fatigue,anemia
sore throat,tonsillitis
chest pain,gastritis
sore throat,cold
fever,cold
cough,flu
skin rash,shingles
abdominal pain,gallstones
coughing up blood,pneumonia
cough,tuberculosis
joint pain,lupus
fever,dengue
nausea,gastroenteritis
joint pain,arthritis
joint pain,gout
cough,tuberculosis
shortness of breath,anxiety
skin rash,eczema
joint pain,osteoporosis
fever,malaria
back pain,herniated disc
headache,sinusitis
fatigue,depression
joint pain,arthritis
skin rash,eczema
joint pain,lupus
coughing up blood,lung cancer
fatigue,anemia
fever,typhoid
cough,cold
headache,sinusitis
headache,cluster headache
coughing up blood,bronchitis
joint pain,lupus
fatigue,chronic fatigue syndrome
dizziness,dehydration
nausea,gastroenteritis
chest pain,anxiety
chest pain,heart attack
fever,dengue
coughing up blood,pneumonia
shortness of breath,anxiety
skin rash,allergy
fever,flu
coughing up blood,pneumonia
chest pain,heart attack
joint pain,rheumatoid arthritis
nausea,migraine
joint pain,arthritis
fever,malaria
coughing up blood,lung cancer
dizziness,anemia
sore throat,flu
coughing up blood,bronchitis
chest pain,anxiety
nausea,liver disease
back pain,kidney stones
coughing up blood,tuberculosis
shortness of breath,anxiety
nausea,liver disease
coughing up blood,lung cancer
shortness of breath,pneumonia
abdominal pain,appendicitis
chest pain,anxiety
sore throat,laryngitis
abdominal pain,appendicitis
fatigue,anemia
cough,cold
dizziness,migraine
shortness of breath,asthma
sore throat,strep throat
coughing up blood,tuberculosis
headache,sinusitis
sore throat,strep throat
cough,flu
abdominal pain,gastritis
cough,flu
nausea,food poisoning
sore throat,cold
headache,cluster headache
skin rash,shingles
chest pain,gastritis
shortness of breath,pneumonia
cough,bronchitis
chest pain,heart attack
abdominal pain,irritable bowel syndrome
nausea,gastroenteritis
skin rash,allergy
fatigue,depression
sore throat,strep throat
abdominal pain,irritable bowel syndrome
fever,cold
abdominal pain,gastritis
shortness of breath,pneumonia
nausea,pregnancy
fatigue,chronic fatigue syndrome
abdominal pain,gallstones
dizziness,migraine
chest pain,anxiety
coughing up blood,lung cancer
shortness of breath,anxiety
cough,tuberculosis
sore throat,strep throat
cough,bronchitis
headache,stress
nausea,gastroenteritis
back pain,sciatica
cough,tuberculosis
fever,flu
cough,flu
headache,migraine
fatigue,flu
dizziness,low blood pressure
fatigue,chronic fatigue syndrome
shortness of breath,asthma
nausea,migraine
coughing up blood,pneumonia
headache,migraine
abdominal pain,irritable bowel syndrome
cough,cold
dizziness,anemia
skin rash,fungal infection
chest pain,gastritis
skin rash,psoriasis
abdominal pain,gallstones
chest pain,heart disease
cough,asthma
back pain,herniated disc
coughing up blood,tuberculosis
nausea,liver disease
fatigue,anemia
joint pain,osteoporosis
cough,cold
nausea,liver disease
fever,flu
headache,sinusitis
dizziness,vertigo
shortness of breath,asthma
back pain,muscle strain
fever,flu
abdominal pain,gallstones
fatigue,anemia
chest pain,heart attack
back pain,sciatica
fever,typhoid
joint pain,gout
fever,cold
abdominal pain,gallstones
fever,flu
dizziness,dehydration
dizziness,low blood pressure
abdominal pain,appendicitis
skin rash,fungal infection
abdominal pain,irritable bowel syndrome
fever,malaria
chest pain,heart attack
chest pain,gastritis
dizziness,anemia
fever,typhoid
abdominal pain,gallstones
back pain,kidney stones
skin rash,fungal infection
skin rash,psoriasis
joint pain,rheumatoid arthritis
headache,tension
dizziness,anemia
coughing up blood,pneumonia
skin rash,shingles
chest pain,pneumonia
chest pain,heart attack
fever,malaria
joint pain,gout
sore throat,tonsillitis
chest pain,anxiety
headache,tension
back pain,kidney stones
fever,flu
sore throat,laryngitis
abdominal pain,gastritis
cough,flu
joint pain,osteoporosis
fever,dengue
abdominal pain,gastritis
back pain,kidney stones
sore throat,laryngitis
fever,flu
shortness of breath,COPD
fatigue,chronic fatigue syndrome
headache,stress
fatigue,flu
nausea,migraine
coughing up blood,pulmonary embolism
shortness of breath,pneumonia
abdominal pain,gastritis
fever,malaria
sore throat,flu
abdominal pain,peptic ulcer
skin rash,fungal infection
shortness of breath,pneumonia
coughing up blood,bronchitis
back pain,arthritis
back pain,sciatica
headache,stress
abdominal pain,peptic ulcer
skin rash,shingles
dizziness,anemia
sore throat,strep throat
joint pain,arthritis
dizziness,migraine
fever,dengue
coughing up blood,tuberculosis
shortness of breath,pneumonia
back pain,muscle strain
sore throat,laryngitis
dizziness,anemia
joint pain,gout
cough,bronchitis
skin rash,shingles
dizziness,low blood pressure
cough,asthma
nausea,liver disease
nausea,pregnancy
joint pain,arthritis
chest pain,heart disease
joint pain,osteoporosis
skin rash,fungal infection
sore throat,laryngitis
headache,migraine
fever,malaria
headache,sinusitis
chest pain,heart disease
back pain,kidney stones
chest pain,heart disease
chest pain,heart disease
abdominal pain,gallstones
abdominal pain,appendicitis
dizziness,low blood pressure
cough,cold
nausea,gastroenteritis
joint pain,gout
chest pain,anxiety
cough,tuberculosis
cough,flu
coughing up blood,bronchitis
back pain,herniated disc
coughing up blood,bronchitis
chest pain,anxiety
fatigue,heart disease
abdominal pain,appendicitis
fever,flu
dizziness,vertigo
fatigue,depression
abdominal pain,gallstones
chest pain,heart attack
coughing up blood,bronchitis
sore throat,cold
skin rash,fungal infection
sore throat,flu
shortness of breath,pneumonia
headache,cluster headache
fever,dengue
shortness of breath,pneumonia
fatigue,anemia
nausea,pregnancy
dizziness,dehydration
fatigue,flu
dizziness,dehydration
fever,cold
dizziness,low blood pressure
joint pain,osteoporosis
joint pain,arthritis
back pain,sciatica
back pain,arthritis
nausea,food poisoning
chest pain,gastritis
sore throat,tonsillitis
back pain,kidney stones
nausea,migraine
sore throat,cold
abdominal pain,appendicitis
fatigue,depression
coughing up blood,pulmonary embolism
headache,cluster headache
fatigue,anemia
nausea,liver disease
fatigue,heart disease
chest pain,gastritis
shortness of breath,anxiety
nausea,liver disease
fatigue,chronic fatigue syndrome
cough,bronchitis
headache,stress
abdominal pain,irritable bowel syndrome
coughing up blood,pneumonia
back pain,arthritis
abdominal pain,appendicitis
coughing up blood,pneumonia
dizziness,anemia
sore throat,strep throat
back pain,herniated disc
joint pain,rheumatoid arthritis
cough,flu
shortness of breath,pneumonia
sore throat,cold
fever,flu
skin rash,shingles
joint pain,rheumatoid arthritis
joint pain,lupus
nausea,liver disease
shortness of breath,COPD
sore throat,flu
back pain,kidney stones
nausea,pregnancy
coughing up blood,lung cancer
back pain,kidney stones
fever,cold
cough,asthma
skin rash,psoriasis
fever,dengue
fatigue,anemia
headache,cluster headache
nausea,gastroenteritis
shortness of breath,anxiety
coughing up blood,lung cancer
nausea,gastroenteritis
cough,flu
shortness of breath,heart failure
nausea,pregnancy
back pain,muscle strain
skin rash,eczema
abdominal pain,appendicitis
coughing up blood,tuberculosis
chest pain,pneumonia
cough,cold
nausea,food poisoning
nausea,migraine
chest pain,anxiety
skin rash,fungal infection
sore throat,strep throat
nausea,liver disease
shortness of breath,COPD
dizziness,low blood pressure
chest pain,anxiety
sore throat,tonsillitis
nausea,pregnancy
sore throat,tonsillitis
fatigue,flu
skin rash,psoriasis
fatigue,heart disease
sore throat,cold
fatigue,anemia
joint pain,lupus
skin rash,shingles
cough,asthma
headache,migraine
cough,flu
fatigue,anemia
fever,typhoid
shortness of breath,anxiety
skin rash,fungal infection
chest pain,heart attack
cough,asthma
dizziness,migraine
skin rash,shingles
fatigue,heart disease
cough,asthma
coughing up blood,pulmonary embolism
back pain,sciatica
fatigue,chronic fatigue syndrome
nausea,food poisoning
nausea,liver disease
fatigue,flu
headache,sinusitis
fatigue,anemia
joint pain,gout
joint pain,rheumatoid arthritis
cough,asthma
dizziness,dehydration
headache,stress
joint pain,arthritis
nausea,gastroenteritis
dizziness,vertigo
nausea,liver disease
sore throat,strep throat
sore throat,cold
fever,cold
headache,tension
abdominal pain,irritable bowel syndrome
skin rash,allergy
fever,typhoid
headache,stress
shortness of breath,heart failure
skin rash,psoriasis
dizziness,migraine
shortness of breath,COPD
sore throat,strep throat
skin rash,psoriasis
fever,dengue
sore throat,strep throat
abdominal pain,gastritis
shortness of breath,pneumonia
shortness of breath,pneumonia
chest pain,pneumonia
skin rash,shingles
back pain,arthritis
coughing up blood,pneumonia
sore throat,laryngitis
skin rash,shingles
abdominal pain,appendicitis
fever,malaria
chest pain,pneumonia
chest pain,heart attack
fever,flu
fatigue,heart disease
shortness of breath,anxiety
skin rash,fungal infection
shortness of breath,asthma
fatigue,heart disease
cough,tuberculosis
headache,migraine
joint pain,arthritis
cough,flu
skin rash,fungal infection
nausea,migraine
skin rash,fungal infection
cough,asthma
sore throat,strep throat
chest pain,pneumonia
dizziness,dehydration
joint pain,lupus
chest pain,heart attack
skin rash,fungal infection
nausea,gastroenteritis
fatigue,depression
chest pain,gastritis
coughing up blood,bronchitis
cough,asthma
fever,dengue
nausea,food poisoning
shortness of breath,COPD
joint pain,rheumatoid arthritis
cough,asthma
abdominal pain,irritable bowel syndrome
cough,bronchitis
sore throat,strep throat
back pain,arthritis
joint pain,gout
nausea,pregnancy
dizziness,dehydration
fatigue,flu
sore throat,laryngitis
back pain,muscle strain
skin rash,shingles
dizziness,dehydration
chest pain,heart disease
fatigue,heart disease
shortness of breath,heart failure
skin rash,fungal infection
dizziness,vertigo
joint pain,rheumatoid arthritis
cough,flu
abdominal pain,appendicitis
joint pain,arthritis
fatigue,chronic fatigue syndrome
back pain,herniated disc
skin rash,fungal infection
abdominal pain,appendicitis
shortness of breath,anxiety
chest pain,gastritis
nausea,liver disease
headache,cluster headache
abdominal pain,peptic ulcer
skin rash,fungal infection
skin rash,fungal infection
fever,malaria
coughing up blood,pneumonia
fever,flu
fatigue,flu
skin rash,eczema
chest pain,gastritis
coughing up blood,tuberculosis
cough,cold
headache,tension
dizziness,vertigo
sore throat,cold
back pain,sciatica
chest pain,anxiety
shortness of breath,COPD
headache,migraine
chest pain,pneumonia
dizziness,migraine
back pain,arthritis
cough,flu
fever,cold
abdominal pain,gastritis
abdominal pain,irritable bowel syndrome
fatigue,anemia
headache,migraine
nausea,liver disease
back pain,kidney stones
shortness of breath,COPD
sore throat,flu
skin rash,shingles
shortness of breath,COPD
abdominal pain,peptic ulcer
back pain,muscle strain
sore throat,flu
fatigue,depression
cough,cold
skin rash,eczema
abdominal pain,gallstones
nausea,liver disease
cough,bronchitis
shortness of breath,anxiety
fever,flu
sore throat,tonsillitis
coughing up blood,pneumonia
joint pain,rheumatoid arthritis
dizziness,dehydration
joint pain,rheumatoid arthritis
coughing up blood,pulmonary embolism
sore throat,tonsillitis
skin rash,eczema
shortness of breath,anxiety
sore throat,strep throat
coughing up blood,tuberculosis
headache,cluster headache
cough,cold
abdominal pain,gallstones
sore throat,flu
headache,sinusitis
coughing up blood,tuberculosis
headache,sinusitis
coughing up blood,lung cancer
fever,cold
chest pain,gastritis
shortness of breath,anxiety
back pain,muscle strain
sore throat,strep throat
abdominal pain,irritable bowel syndrome
fatigue,flu
sore throat,cold
fatigue,anemia
fatigue,flu
headache,stress
shortness of breath,COPD
skin rash,eczema
sore throat,strep throat
joint pain,gout
shortness of breath,asthma
shortness of breath,anxiety
sore throat,flu
back pain,sciatica
skin rash,fungal infection
dizziness,anemia
shortness of breath,anxiety
coughing up blood,pulmonary embolism
cough,bronchitis
cough,flu
nausea,migraine
shortness of breath,asthma
dizziness,dehydration
shortness of breath,anxiety
nausea,migraine
abdominal pain,irritable bowel syndrome
nausea,liver disease
back pain,herniated disc
skin rash,fungal infection
sore throat,tonsillitis
shortness of breath,heart failure
abdominal pain,gallstones
sore throat,cold
dizziness,anemia
chest pain,gastritis
dizziness,dehydration
sore throat,flu
sore throat,laryngitis
headache,cluster headache
fatigue,flu
sore throat,strep throat
fever,typhoid
sore throat,flu
headache,stress
joint pain,arthritis
fever,flu
skin rash,allergy
joint pain,arthritis
sore throat,flu
headache,tension
joint pain,lupus
skin rash,fungal infection
fever,typhoid
abdominal pain,irritable bowel syndrome
joint pain,lupus
back pain,kidney stones
sore throat,strep throat
nausea,food poisoning
chest pain,heart disease
fatigue,depression
fever,cold
sore throat,strep throat
fatigue,anemia
skin rash,shingles
back pain,arthritis
fever,typhoid
coughing up blood,pulmonary embolism
fever,typhoid
coughing up blood,bronchitis
headache,sinusitis
skin rash,shingles
shortness of breath,heart failure
joint pain,rheumatoid arthritis
joint pain,gout
cough,asthma
abdominal pain,gastritis
abdominal pain,gallstones
fatigue,chronic fatigue syndrome
abdominal pain,appendicitis
fatigue,heart disease
fatigue,flu
coughing up blood,tuberculosis
fatigue,heart disease
shortness of breath,anxiety
fatigue,chronic fatigue syndrome
dizziness,low blood pressure
joint pain,osteoporosis
back pain,kidney stones
skin rash,shingles
dizziness,vertigo
back pain,herniated disc
back pain,muscle strain
coughing up blood,pulmonary embolism
fatigue,anemia
back pain,muscle strain
joint pain,osteoporosis
headache,sinusitis
skin rash,shingles
shortness of breath,asthma
coughing up blood,lung cancer
coughing up blood,tuberculosis
fatigue,heart disease
chest pain,anxiety
headache,migraine
fever,dengue
abdominal pain,irritable bowel syndrome
coughing up blood,pneumonia
fatigue,anemia
abdominal pain,appendicitis
back pain,kidney stones
shortness of breath,anxiety
chest pain,gastritis
fatigue,chronic fatigue syndrome
sore throat,laryngitis
nausea,pregnancy
back pain,arthritis
abdominal pain,gallstones
sore throat,strep throat
nausea,liver disease
fatigue,heart disease
joint pain,osteoporosis
coughing up blood,pneumonia
nausea,migraine
dizziness,dehydration
shortness of breath,heart failure
abdominal pain,gallstones
nausea,pregnancy
coughing up blood,lung cancer
dizziness,vertigo
joint pain,arthritis
back pain,herniated disc
skin rash,fungal infection
nausea,gastroenteritis
chest pain,anxiety
back pain,kidney stones
nausea,gastroenteritis
joint pain,rheumatoid arthritis
abdominal pain,gastritis
coughing up blood,lung cancer
dizziness,vertigo
nausea,liver disease
fever,malaria
shortness of breath,asthma
fatigue,anemia
chest pain,heart attack
fever,malaria
abdominal pain,peptic ulcer
cough,bronchitis
chest pain,pneumonia
coughing up blood,pulmonary embolism
abdominal pain,appendicitis
abdominal pain,irritable bowel syndrome
abdominal pain,appendicitis
abdominal pain,appendicitis
shortness of breath,COPD
coughing up blood,pulmonary embolism
abdominal pain,peptic ulcer
fatigue,chronic fatigue syndrome
coughing up blood,pneumonia
coughing up blood,pneumonia
chest pain,pneumonia
fever,flu
dizziness,dehydration
shortness of breath,anxiety
cough,cold
skin rash,eczema
shortness of breath,anxiety
cough,flu
joint pain,gout
dizziness,dehydration
headache,sinusitis
fatigue,chronic fatigue syndrome
nausea,migraine
chest pain,pneumonia
sore throat,flu
coughing up blood,bronchitis
headache,migraine
coughing up blood,tuberculosis
chest pain,heart disease
cough,bronchitis
shortness of breath,pneumonia
sore throat,laryngitis
cough,cold
back pain,sciatica
fever,typhoid
joint pain,gout
skin rash,fungal infection
abdominal pain,irritable bowel syndrome
fever,cold
sore throat,tonsillitis
fever,flu
abdominal pain,gallstones
back pain,arthritis
sore throat,cold
skin rash,psoriasis
cough,bronchitis
joint pain,gout
fatigue,flu
fatigue,depression
shortness of breath,asthma
chest pain,pneumonia
skin rash,allergy
fever,flu
cough,asthma
nausea,food poisoning
fever,cold
coughing up blood,lung cancer
sore throat,strep throat
headache,sinusitis
shortness of breath,asthma
shortness of breath,COPD
headache,stress
back pain,sciatica
back pain,herniated disc
coughing up blood,bronchitis
dizziness,vertigo
headache,migraine
abdominal pain,peptic ulcer
sore throat,tonsillitis
fatigue,depression
sore throat,flu
abdominal pain,appendicitis
sore throat,tonsillitis
joint pain,arthritis
fatigue,chronic fatigue syndrome
sore throat,strep throat
nausea,pregnancy
fatigue,chronic fatigue syndrome
fatigue,depression
shortness of breath,COPD
headache,migraine
back pain,sciatica
cough,tuberculosis
joint pain,arthritis
sore throat,laryngitis
shortness of breath,anxiety
shortness of breath,COPD
joint pain,rheumatoid arthritis
headache,tension
chest pain,heart disease
nausea,migraine
headache,stress
joint pain,arthritis
abdominal pain,irritable bowel syndrome
cough,bronchitis
shortness of breath,asthma
back pain,arthritis
nausea,food poisoning
cough,cold
dizziness,anemia
shortness of breath,heart failure
coughing up blood,bronchitis
fatigue,heart disease
nausea,food poisoning
back pain,muscle strain
joint pain,rheumatoid arthritis
dizziness,anemia
fever,cold
back pain,kidney stones
coughing up blood,lung cancer
dizziness,low blood pressure
fatigue,heart disease
shortness of breath,asthma
back pain,arthritis
headache,tension
nausea,migraine
nausea,gastroenteritis
back pain,sciatica
coughing up blood,pneumonia
sore throat,tonsillitis
back pain,herniated disc
joint pain,lupus
coughing up blood,bronchitis
back pain,sciatica
coughing up blood,tuberculosis
fatigue,anemia
back pain,kidney stones
nausea,pregnancy
dizziness,migraine
headache,stress
dizziness,migraine
fever,dengue
fever,typhoid
back pain,kidney stones
back pain,sciatica
nausea,pregnancy
back pain,herniated disc
abdominal pain,irritable bowel syndrome
dizziness,dehydration
dizziness,dehydration
joint pain,lupus
nausea,gastroenteritis
shortness of breath,COPD
fatigue,heart disease
shortness of breath,pneumonia
skin rash,allergy
dizziness,migraine
coughing up blood,tuberculosis
abdominal pain,appendicitis
fever,flu
skin rash,eczema
shortness of breath,heart failure